{"Total(M)": 139.490308, "Trainable(M)": 0.29645, "_timestamp": 1742973257.3230476, "_runtime": 4.172165632247925, "_step": 0, "_wandb": {"runtime": 16}}