{"Total(M)": 156.210532, "Trainable(M)": 0.14909, "_timestamp": 1742406976.892351, "_runtime": 6.005635976791382, "_step": 0, "_wandb": {"runtime": 17}}