{"Total(M)": 139.490308, "Trainable(M)": 0.29645, "_timestamp": 1742972199.5514667, "_runtime": 5.298058748245239, "_step": 0, "_wandb": {"runtime": 21}}