{"Total(M)": 139.490308, "Trainable(M)": 0.29645, "_timestamp": 1742973405.3910258, "_runtime": 3.3556087017059326, "_step": 0, "_wandb": {"runtime": 15}}