{"Total(M)": 139.490308, "Trainable(M)": 0.29645, "_timestamp": 1742972768.59893, "_runtime": 2.6344659328460693, "_step": 0, "_wandb": {"runtime": 15}}