{"Total(M)": 139.490308, "Trainable(M)": 0.29645, "_timestamp": 1742973732.0774271, "_runtime": 2.852274179458618, "_step": 0, "_wandb": {"runtime": 14}}