{"Total(M)": 167.811172, "Trainable(M)": 0.296546, "_timestamp": 1742409556.0185132, "_runtime": 6.891692161560059, "_step": 0, "_wandb": {"runtime": 26}}