{"Total(M)": 139.490308, "Trainable(M)": 0.29645, "_timestamp": 1742973731.9137318, "_runtime": 2.690119743347168, "_step": 0, "_wandb": {"runtime": 14}}