{"Total(M)": 139.490308, "Trainable(M)": 0.29645, "_timestamp": 1742973731.9593527, "_runtime": 2.6983797550201416, "_step": 0, "_wandb": {"runtime": 14}}