{"Total(M)": 139.490308, "Trainable(M)": 0.29645, "_timestamp": 1742973405.352486, "_runtime": 3.2987308502197266, "_step": 0, "_wandb": {"runtime": 15}}