{"Total(M)": 156.210532, "Trainable(M)": 0.14909, "_timestamp": 1742407207.0469966, "_runtime": 5.999890565872192, "_step": 0, "_wandb": {"runtime": 18}}