{"Total(M)": 139.490308, "Trainable(M)": 0.29645, "_timestamp": 1742972638.551999, "_runtime": 3.0131771564483643, "_step": 0, "_wandb": {"runtime": 15}}