{"Total(M)": 139.490308, "Trainable(M)": 0.29645, "_timestamp": 1742973731.8972118, "_runtime": 2.7026607990264893, "_step": 0, "_wandb": {"runtime": 14}}