{"Total(M)": 139.490308, "Trainable(M)": 0.29645, "_timestamp": 1742973405.3713908, "_runtime": 3.284461736679077, "_step": 0, "_wandb": {"runtime": 15}}