{"Total(M)": 139.490308, "Trainable(M)": 0.29645, "_timestamp": 1742973405.354424, "_runtime": 3.3057239055633545, "_step": 0, "_wandb": {"runtime": 15}}