{"Total(M)": 139.490308, "Trainable(M)": 0.29645, "_timestamp": 1742973256.3935542, "_runtime": 3.054885149002075, "_step": 0, "_wandb": {"runtime": 16}}