{"Total(M)": 167.811172, "Trainable(M)": 0.296546, "_timestamp": 1742409293.8470707, "_runtime": 1011.0196146965027, "_step": 26, "train/loss": 0.6835, "train/grad_norm": 0.795306921005249, "train/learning_rate": 0.0001, "train/epoch": 0.14253474284356812, "train/global_step": 1200, "eval/loss": 0.7021754384040833, "eval/acc": 0.5091743119266054, "eval/runtime": 32.6784, "eval/samples_per_second": 26.684, "eval/steps_per_second": 3.336}