{"Total(M)": 139.490308, "Trainable(M)": 0.29645, "_timestamp": 1742973256.893028, "_runtime": 3.7054691314697266, "_step": 0, "_wandb": {"runtime": 16}}