{"Total(M)": 167.811172, "Trainable(M)": 0.296546, "_timestamp": 1742407887.2729871, "_runtime": 605.3604431152344, "_step": 18, "train/loss": 0.6779, "train/grad_norm": 1.1755098104476929, "train/learning_rate": 0.0001, "train/epoch": 0.10096210951419408, "train/global_step": 850, "eval/loss": 0.6998178362846375, "eval/acc": 0.5091743119266054, "eval/runtime": 32.8779, "eval/samples_per_second": 26.522, "eval/steps_per_second": 3.315}