{"Total(M)": 156.210532, "Trainable(M)": 0.14909, "_timestamp": 1742406436.0182223, "_runtime": 5.951297283172607, "_step": 0, "_wandb": {"runtime": 8}}