{"Total(M)": 167.811172, "Trainable(M)": 0.296546, "_timestamp": 1742409370.3996978, "_runtime": 7.48941969871521, "_step": 0, "_wandb": {"runtime": 68}}