{"Total(M)": 139.490308, "Trainable(M)": 0.29645, "_timestamp": 1742973405.3165824, "_runtime": 3.276850461959839, "_step": 0, "_wandb": {"runtime": 15}}