{"Total(M)": 139.490308, "Trainable(M)": 0.29645, "_timestamp": 1742973256.3893445, "_runtime": 3.2425293922424316, "_step": 0, "_wandb": {"runtime": 16}}