{"Total(M)": 156.210532, "Trainable(M)": 0.14909, "_timestamp": 1742406520.0152817, "_runtime": 6.773545742034912, "_step": 0, "_wandb": {"runtime": 6}}