{"Total(M)": 156.210532, "Trainable(M)": 0.14909, "_timestamp": 1742407062.7568455, "_runtime": 6.004379510879517, "_step": 0, "_wandb": {"runtime": 18}}