{"Total(M)": 139.269124, "Trainable(M)": 0.075266, "_timestamp": 1742411123.9539957, "_runtime": 1463.0376226902008, "_step": 188, "train/loss": 0.2693, "train/grad_norm": 0.5201192498207092, "train/learning_rate": 0.0001, "train/epoch": 4.061757719714964, "train/global_step": 8550, "eval/loss": 0.19678886234760284, "eval/acc": 0.9311926605504587, "eval/runtime": 3.0327, "eval/samples_per_second": 287.532, "eval/steps_per_second": 9.233}