{"Total(M)": 167.811172, "Trainable(M)": 0.296546, "_timestamp": 1742409465.0449042, "_runtime": 6.934832334518433, "_step": 0, "_wandb": {"runtime": 27}}