{"Total(M)": 156.210532, "Trainable(M)": 0.14909, "_timestamp": 1742406666.7194865, "_runtime": 6.144774436950684, "_step": 0, "_wandb": {"runtime": 21}}