{"Total(M)": 167.811172, "Trainable(M)": 0.296546, "_timestamp": 1742409606.2939875, "_runtime": 6.968148469924927, "_step": 0, "_wandb": {"runtime": 29}}