{"Total(M)": 139.490308, "Trainable(M)": 0.29645, "_timestamp": 1742973256.3960865, "_runtime": 3.0696804523468018, "_step": 0, "_wandb": {"runtime": 16}}