{"Total(M)": 139.490308, "Trainable(M)": 0.29645, "_timestamp": 1742971844.3210096, "_runtime": 5.415163516998291, "_step": 0, "_wandb": {"runtime": 23}}